ts,trade_id,token_id,outcome,buyer_address,seller_address,side,price,size,notional
1970-01-01 00:00:01.774280387+00:00,,,UNKNOWN,,,buy,0.8899999963821104,8.292127,7.379993
1970-01-01 00:00:01.774280387+00:00,,,UNKNOWN,,,sell,0.92,10.47,9.6324
1970-01-01 00:00:01.774280387+00:00,,,UNKNOWN,,,buy,0.11,107.0,11.77
1970-01-01 00:00:01.774280387+00:00,,,UNKNOWN,,,buy,0.9,2.11111,1.899999
1970-01-01 00:00:01.774280387+00:00,,,UNKNOWN,,,buy,0.11,28.0,3.08
1970-01-01 00:00:01.774280387+00:00,,,UNKNOWN,,,buy,0.9,23.43333,21.089997
1970-01-01 00:00:01.774280387+00:00,,,UNKNOWN,,,buy,0.9,46.66666,41.999994
1970-01-01 00:00:01.774280387+00:00,,,UNKNOWN,,,buy,0.9,3.32222,2.9899980000000004
1970-01-01 00:00:01.774280387+00:00,,,UNKNOWN,,,buy,0.9,94.55555,85.09999499999999
1970-01-01 00:00:01.774280387+00:00,,,UNKNOWN,,,buy,0.9,5.1,4.59
1970-01-01 00:00:01.774280387+00:00,,,UNKNOWN,,,buy,0.9,100.0,90.0
1970-01-01 00:00:01.774280387+00:00,,,UNKNOWN,,,sell,0.1,84.52,8.452
1970-01-01 00:00:01.774280387+00:00,,,UNKNOWN,,,buy,0.93,5.26,4.8918
1970-01-01 00:00:01.774280387+00:00,,,UNKNOWN,,,buy,0.9,70.0,63.0
1970-01-01 00:00:01.774280387+00:00,,,UNKNOWN,,,buy,0.92,17.8,16.376
1970-01-01 00:00:01.774280387+00:00,,,UNKNOWN,,,buy,0.9,5.55555,4.999995
1970-01-01 00:00:01.774280387+00:00,,,UNKNOWN,,,sell,0.06181829714114377,867.13,53.6045
1970-01-01 00:00:01.774280387+00:00,,,UNKNOWN,,,buy,0.92,10.0,9.200000000000001
1970-01-01 00:00:01.774280387+00:00,,,UNKNOWN,,,buy,0.92,5.434775,4.999993
1970-01-01 00:00:01.774280387+00:00,,,UNKNOWN,,,buy,0.91,4.3956,3.999996
1970-01-01 00:00:01.774280387+00:00,,,UNKNOWN,,,sell,0.1,16.7,1.67
1970-01-01 00:00:01.774280387+00:00,,,UNKNOWN,,,buy,0.91,1.0989,0.999999
1970-01-01 00:00:01.774280387+00:00,,,UNKNOWN,,,sell,0.8750745133819952,65.76,57.544900000000005
1970-01-01 00:00:01.774280387+00:00,,,UNKNOWN,,,buy,0.12,40.0,4.8
1970-01-01 00:00:01.774280387+00:00,,,UNKNOWN,,,buy,0.88999995549998,2.24719,1.9999989999999999
1970-01-01 00:00:01.774280387+00:00,,,UNKNOWN,,,sell,0.11,8.34,0.9174
1970-01-01 00:00:01.774280387+00:00,,,UNKNOWN,,,buy,0.889999985759986,5.617972,4.999995
1970-01-01 00:00:01.774280387+00:00,,,UNKNOWN,,,buy,0.89,6.76,6.0164
1970-01-01 00:00:01.774280387+00:00,,,UNKNOWN,,,sell,0.88,43.24,38.0512
1970-01-01 00:00:01.774280387+00:00,,,UNKNOWN,,,sell,0.11,4.31,0.47409999999999997
1970-01-01 00:00:01.774280387+00:00,,,UNKNOWN,,,buy,0.9090273452010172,349.97,318.13230000000004
1970-01-01 00:00:01.774280387+00:00,,,UNKNOWN,,,buy,0.9,5.55555,4.999995
1970-01-01 00:00:01.774280387+00:00,,,UNKNOWN,,,buy,0.9,2.33333,2.099997
1970-01-01 00:00:01.774280387+00:00,,,UNKNOWN,,,buy,0.9299999906998978,1.075257,0.9999889999999999
1970-01-01 00:00:01.774280387+00:00,,,UNKNOWN,,,buy,0.9072727272727272,44.0,39.92
1970-01-01 00:00:01.774280387+00:00,,,UNKNOWN,,,sell,0.89,20.0,17.8
1970-01-01 00:00:01.774280387+00:00,,,UNKNOWN,,,buy,0.08,66.5,5.32
1970-01-01 00:00:01.774280387+00:00,,,UNKNOWN,,,buy,0.91,10.1,9.191
1970-01-01 00:00:01.774280387+00:00,,,UNKNOWN,,,sell,0.89,5.37,4.7793
1970-01-01 00:00:01.774280387+00:00,,,UNKNOWN,,,buy,0.89,61.01,54.298899999999996
1970-01-01 00:00:01.774280387+00:00,,,UNKNOWN,,,buy,0.9,11.4,10.26
1970-01-01 00:00:01.774280387+00:00,,,UNKNOWN,,,buy,0.9,2.22,1.9980000000000002
1970-01-01 00:00:01.774280387+00:00,,,UNKNOWN,,,buy,0.89,13.16,11.7124
1970-01-01 00:00:01.774280387+00:00,,,UNKNOWN,,,buy,0.8899999814583273,3.235954,2.8799989999999998
1970-01-01 00:00:01.774280387+00:00,,,UNKNOWN,,,buy,0.89,5.1,4.539
1970-01-01 00:00:01.774280387+00:00,,,UNKNOWN,,,buy,0.8899999109995639,1.12359,0.9999950000000001
1970-01-01 00:00:01.774280387+00:00,,,UNKNOWN,,,buy,0.95,33.0,31.349999999999998
1970-01-01 00:00:01.774280387+00:00,,,UNKNOWN,,,buy,0.8899999959545436,19.775272,17.599992
1970-01-01 00:00:01.774280387+00:00,,,UNKNOWN,,,buy,0.91,9.2967,8.459997
1970-01-01 00:00:01.774280387+00:00,,,UNKNOWN,,,buy,0.8899999732999563,3.370781,2.9999949999999997
1970-01-01 00:00:01.774280387+00:00,,,UNKNOWN,,,buy,0.89,6.67,5.9363
1970-01-01 00:00:01.774280387+00:00,,,UNKNOWN,,,buy,0.9,6.0,5.4
1970-01-01 00:00:01.774280387+00:00,,,UNKNOWN,,,buy,0.9,22.22222,19.999998
1970-01-01 00:00:01.774280387+00:00,,,UNKNOWN,,,buy,0.9,11.11111,9.999999
1970-01-01 00:00:01.774280387+00:00,,,UNKNOWN,,,buy,0.9,42.3,38.07
1970-01-01 00:00:01.774280387+00:00,,,UNKNOWN,,,buy,0.9099999997461115,157.549444,143.369994
1970-01-01 00:00:01.774280387+00:00,,,UNKNOWN,,,buy,0.9,2.67,2.403
1970-01-01 00:00:01.774280387+00:00,,,UNKNOWN,,,buy,0.8899999732999563,3.370781,2.9999949999999997
1970-01-01 00:00:01.774280387+00:00,,,UNKNOWN,,,buy,0.889999999555,112.359545,99.999995
1970-01-01 00:00:01.774280387+00:00,,,UNKNOWN,,,sell,0.88,200.0,176.0
1970-01-01 00:00:01.774280387+00:00,,,UNKNOWN,,,buy,0.9,100.0,90.0
1970-01-01 00:00:01.774280387+00:00,,,UNKNOWN,,,buy,0.8899999956457921,11.483145,10.219999
1970-01-01 00:00:01.774280387+00:00,,,UNKNOWN,,,buy,0.09,10.99,0.9891
1970-01-01 00:00:01.774280387+00:00,,,UNKNOWN,,,buy,0.9,6.2,5.58
1970-01-01 00:00:01.774280389+00:00,,,UNKNOWN,,,buy,0.9,50.0,45.0
1970-01-01 00:00:01.774280389+00:00,,,UNKNOWN,,,buy,0.9074983005502311,79.989125,72.589995
1970-01-01 00:00:01.774280389+00:00,,,UNKNOWN,,,sell,0.08,2.95,0.23600000000000002
1970-01-01 00:00:01.774280389+00:00,,,UNKNOWN,,,buy,0.9,42.0,37.800000000000004
1970-01-01 00:00:01.774280389+00:00,,,UNKNOWN,,,buy,0.9199999802150329,2.021737,1.859998
1970-01-01 00:00:01.774280389+00:00,,,UNKNOWN,,,buy,0.9399999864639996,53.191488,49.999998
1970-01-01 00:00:01.774280389+00:00,,,UNKNOWN,,,buy,0.91,38.86,35.3626
1970-01-01 00:00:01.774280389+00:00,,,UNKNOWN,,,buy,0.9299999888399957,5.376342,4.999998000000001
1970-01-01 00:00:01.774280389+00:00,,,UNKNOWN,,,buy,0.09,50.0,4.5
1970-01-01 00:00:01.774280389+00:00,,,UNKNOWN,,,buy,0.922253424964305,90.246342,83.229998
1970-01-01 00:00:01.774280389+00:00,,,UNKNOWN,,,sell,0.08,15.9,1.272
1970-01-01 00:00:01.774280389+00:00,,,UNKNOWN,,,buy,0.929999999721,107.526871,99.99999
1970-01-01 00:00:01.774280389+00:00,,,UNKNOWN,,,buy,0.09,50.0,4.5
1970-01-01 00:00:01.774280389+00:00,,,UNKNOWN,,,buy,0.91,5.4945,4.999995
1970-01-01 00:00:01.774280389+00:00,,,UNKNOWN,,,buy,0.9399999962399888,5.319133,4.999985
1970-01-01 00:00:01.774280389+00:00,,,UNKNOWN,,,buy,0.9,2.22222,1.9999980000000002
1970-01-01 00:00:01.774280389+00:00,,,UNKNOWN,,,buy,0.8955223877923814,111.66666,99.99999399999999
1970-01-01 00:00:01.774280389+00:00,,,UNKNOWN,,,buy,0.13625,50.0,6.812500000000001
1970-01-01 00:00:01.774280389+00:00,,,UNKNOWN,,,buy,0.89,52.86,47.0454
1970-01-01 00:00:01.774280389+00:00,,,UNKNOWN,,,buy,0.907406,50.0,45.3703
1970-01-01 00:00:01.774280389+00:00,,,UNKNOWN,,,buy,0.9099999982862512,11.670322,10.619993000000001
1970-01-01 00:00:01.774280389+00:00,,,UNKNOWN,,,buy,0.91,50.0,45.5
1970-01-01 00:00:01.774280389+00:00,,,UNKNOWN,,,buy,0.91,1.0989,0.999999
1970-01-01 00:00:01.774280389+00:00,,,UNKNOWN,,,buy,0.1,70.0,7.0
1970-01-01 00:00:01.774280389+00:00,,,UNKNOWN,,,buy,0.9,44.44444,39.999996
1970-01-01 00:00:01.774280389+00:00,,,UNKNOWN,,,buy,0.1,68.88,6.888
1970-01-01 00:00:01.774280389+00:00,,,UNKNOWN,,,buy,0.93,6.0,5.58
1970-01-01 00:00:01.774280389+00:00,,,UNKNOWN,,,buy,0.15,19.8,2.97
1970-01-01 00:00:01.774280389+00:00,,,UNKNOWN,,,buy,0.94,2.12765,1.9999909999999999
1970-01-01 00:00:01.774280389+00:00,,,UNKNOWN,,,sell,0.1,15.65,1.5650000000000002
1970-01-01 00:00:01.774280389+00:00,,,UNKNOWN,,,buy,0.12,50.0,6.0
1970-01-01 00:00:01.774280389+00:00,,,UNKNOWN,,,buy,0.9199999986608441,29.869562,27.479997
1970-01-01 00:00:01.774280389+00:00,,,UNKNOWN,,,buy,0.13315,28.0,3.7281999999999997
1970-01-01 00:00:01.774280389+00:00,,,UNKNOWN,,,buy,0.11,50.0,5.5
1970-01-01 00:00:01.774280389+00:00,,,UNKNOWN,,,buy,0.148654,50.0,7.4327000000000005
1970-01-01 00:00:01.774280389+00:00,,,UNKNOWN,,,buy,0.104446,50.0,5.2223
1970-01-01 00:00:01.774280389+00:00,,,UNKNOWN,,,buy,0.15,20.0,3.0
1970-01-01 00:00:01.774280389+00:00,,,UNKNOWN,,,sell,0.09,5.63,0.5066999999999999
1970-01-01 00:00:01.774280389+00:00,,,UNKNOWN,,,buy,0.9,1.11111,0.9999990000000001
1970-01-01 00:00:01.774280389+00:00,,,UNKNOWN,,,buy,0.89,50.0,44.5
1970-01-01 00:00:01.774280389+00:00,,,UNKNOWN,,,buy,0.9,5.1,4.59
1970-01-01 00:00:01.774280389+00:00,,,UNKNOWN,,,sell,0.87,37.08,32.2596
1970-01-01 00:00:01.774280389+00:00,,,UNKNOWN,,,buy,0.11,20.0,2.2
1970-01-01 00:00:01.774280389+00:00,,,UNKNOWN,,,buy,0.9,6.2,5.58
1970-01-01 00:00:01.774280389+00:00,,,UNKNOWN,,,buy,0.92,1.02,0.9384
1970-01-01 00:00:01.774280389+00:00,,,UNKNOWN,,,buy,0.10380002254537256,88.71,9.208099999999998
1970-01-01 00:00:01.774280389+00:00,,,UNKNOWN,,,buy,0.12,25.0,3.0
1970-01-01 00:00:01.774280389+00:00,,,UNKNOWN,,,buy,0.91,2.1978,1.999998
1970-01-01 00:00:01.774280389+00:00,,,UNKNOWN,,,sell,0.91,38.23,34.7893
1970-01-01 00:00:01.774280389+00:00,,,UNKNOWN,,,buy,0.9099999915740585,1.186811,1.079998
1970-01-01 00:00:01.774280389+00:00,,,UNKNOWN,,,buy,0.91,1.0989,0.999999
1970-01-01 00:00:01.774280389+00:00,,,UNKNOWN,,,sell,0.09,6.0,0.54
1970-01-01 00:00:01.774280389+00:00,,,UNKNOWN,,,sell,0.9,3.53,3.177
1970-01-01 00:00:01.774280389+00:00,,,UNKNOWN,,,buy,0.9299999943636261,5.322571,4.949991
1970-01-01 00:00:01.774280389+00:00,,,UNKNOWN,,,buy,0.118904,50.0,5.9452
1970-01-01 00:00:01.774280389+00:00,,,UNKNOWN,,,sell,0.8977671560259475,117.16,105.1824
1970-01-01 00:00:01.774280389+00:00,,,UNKNOWN,,,buy,0.91,31.57,28.7287
1970-01-01 00:00:01.774280389+00:00,,,UNKNOWN,,,buy,0.09,50.0,4.5
1970-01-01 00:00:01.774280389+00:00,,,UNKNOWN,,,buy,0.92,22.597825,20.789999
1970-01-01 00:00:01.774280389+00:00,,,UNKNOWN,,,buy,0.91,50.0,45.5
1970-01-01 00:00:01.774280389+00:00,,,UNKNOWN,,,buy,0.09444571428571429,70.0,6.6112
1970-01-01 00:00:01.774280389+00:00,,,UNKNOWN,,,buy,0.0899999189999919,11.11111,0.9999990000000001
1970-01-01 00:00:01.774280389+00:00,,,UNKNOWN,,,buy,0.92,21.739125,19.999995000000002
1970-01-01 00:00:01.774280389+00:00,,,UNKNOWN,,,buy,0.91,1.0989,0.999999
1970-01-01 00:00:01.774280389+00:00,,,UNKNOWN,,,buy,0.9,1.11111,0.9999990000000001
1970-01-01 00:00:01.774280389+00:00,,,UNKNOWN,,,sell,0.09,10.85,0.9764999999999999
1970-01-01 00:00:01.774280389+00:00,,,UNKNOWN,,,buy,0.108904,50.0,5.4452
1970-01-01 00:00:01.774280389+00:00,,,UNKNOWN,,,sell,0.89,9.4,8.366
1970-01-01 00:00:01.774280389+00:00,,,UNKNOWN,,,buy,0.128904,50.0,6.4452
1970-01-01 00:00:01.774280389+00:00,,,UNKNOWN,,,buy,0.92,99.239125,91.29999500000001
1970-01-01 00:00:01.774280389+00:00,,,UNKNOWN,,,buy,0.91,54.3956,49.499996
1970-01-01 00:00:01.774280389+00:00,,,UNKNOWN,,,buy,0.1,50.0,5.0
1970-01-01 00:00:01.774280389+00:00,,,UNKNOWN,,,buy,0.9299998093499438,4.301074,3.9999979999999997
1970-01-01 00:00:01.774280389+00:00,,,UNKNOWN,,,buy,0.1,50.0,5.0
1970-01-01 00:00:01.774280389+00:00,,,UNKNOWN,,,buy,0.902334,50.0,45.1167
1970-01-01 00:00:01.774280389+00:00,,,UNKNOWN,,,buy,0.9,10.0,9.0
1970-01-01 00:00:01.774280389+00:00,,,UNKNOWN,,,buy,0.12,50.0,6.0
1970-01-01 00:00:01.774280389+00:00,,,UNKNOWN,,,buy,0.89,50.0,44.5
1970-01-01 00:00:01.774280389+00:00,,,UNKNOWN,,,buy,0.9,1.22222,1.099998
1970-01-01 00:00:01.774280389+00:00,,,UNKNOWN,,,buy,0.91,1.02,0.9282
1970-01-01 00:00:01.774280389+00:00,,,UNKNOWN,,,buy,0.9099999915740585,1.186811,1.079998
1970-01-01 00:00:01.774280389+00:00,,,UNKNOWN,,,buy,0.08170815183571874,32.14,2.6261
1970-01-01 00:00:01.774280389+00:00,,,UNKNOWN,,,buy,0.08,50.0,4.0
1970-01-01 00:00:01.774280389+00:00,,,UNKNOWN,,,buy,0.9,50.0,45.0
1970-01-01 00:00:01.774280389+00:00,,,UNKNOWN,,,buy,0.9299999569442471,1.161285,1.0799949999999998
1970-01-01 00:00:01.774280389+00:00,,,UNKNOWN,,,buy,0.14,50.0,7.000000000000001
1970-01-01 00:00:01.774280389+00:00,,,UNKNOWN,,,buy,0.91,3.2967,2.999997
1970-01-01 00:00:01.774280389+00:00,,,UNKNOWN,,,sell,0.86,5.0,4.3
1970-01-01 00:00:01.774280389+00:00,,,UNKNOWN,,,buy,0.133904,50.0,6.6952
1970-01-01 00:00:01.774280391+00:00,,,UNKNOWN,,,buy,0.11999991234781389,9.583332,1.149999
1970-01-01 00:00:01.774280391+00:00,,,UNKNOWN,,,buy,0.92,20.0,18.400000000000002
1970-01-01 00:00:01.774280391+00:00,,,UNKNOWN,,,buy,0.8938076738819818,38.24088,34.179992
1970-01-01 00:00:01.774280391+00:00,,,UNKNOWN,,,sell,0.91,2.9,2.639
1970-01-01 00:00:01.774280391+00:00,,,UNKNOWN,,,buy,0.91,15.0,13.65
1970-01-01 00:00:01.774280391+00:00,,,UNKNOWN,,,buy,0.92,20.2,18.584
1970-01-01 00:00:01.774280391+00:00,,,UNKNOWN,,,buy,0.08,12.5,1.0
1970-01-01 00:00:01.774280391+00:00,,,UNKNOWN,,,buy,0.11,19.97,2.1967
1970-01-01 00:00:01.774280391+00:00,,,UNKNOWN,,,buy,0.09,8.0,0.72
1970-01-01 00:00:01.774280391+00:00,,,UNKNOWN,,,buy,0.9,16.3,14.670000000000002
1970-01-01 00:00:01.774280391+00:00,,,UNKNOWN,,,sell,0.1033347128815313,96.65,9.987300000000001
1970-01-01 00:00:01.774280391+00:00,,,UNKNOWN,,,buy,0.92,50.0,46.0
1970-01-01 00:00:01.774280391+00:00,,,UNKNOWN,,,sell,0.89,0.03,0.026699999999999998
1970-01-01 00:00:01.774280391+00:00,,,UNKNOWN,,,buy,0.91,5.0,4.55
1970-01-01 00:00:01.774280391+00:00,,,UNKNOWN,,,buy,0.91,108.69,98.9079
1970-01-01 00:00:01.774280391+00:00,,,UNKNOWN,,,buy,0.91,65.6,59.696
1970-01-01 00:00:01.774280391+00:00,,,UNKNOWN,,,buy,0.07,5.0,0.35000000000000003
1970-01-01 00:00:01.774280391+00:00,,,UNKNOWN,,,buy,0.9103899215302012,54.921512,49.999991
1970-01-01 00:00:01.774280391+00:00,,,UNKNOWN,,,buy,0.9,10.0,9.0
1970-01-01 00:00:01.774280391+00:00,,,UNKNOWN,,,buy,0.9299999888399957,5.376342,4.999998000000001
1970-01-01 00:00:01.774280391+00:00,,,UNKNOWN,,,buy,0.93,5.0,4.65
1970-01-01 00:00:01.774280391+00:00,,,UNKNOWN,,,sell,0.91,1.27,1.1557
1970-01-01 00:00:01.774280391+00:00,,,UNKNOWN,,,buy,0.07,9.83,0.6881
1970-01-01 00:00:01.774280391+00:00,,,UNKNOWN,,,buy,0.13534271612598525,21.944284,2.969999
1970-01-01 00:00:01.774280391+00:00,,,UNKNOWN,,,sell,0.88,5.0,4.4
1970-01-01 00:00:01.774280391+00:00,,,UNKNOWN,,,buy,0.121,50.0,6.05
1970-01-01 00:00:01.774280391+00:00,,,UNKNOWN,,,buy,0.15,5.0,0.75
1970-01-01 00:00:01.774280391+00:00,,,UNKNOWN,,,buy,0.9399999981199973,10.638283,9.999986
1970-01-01 00:00:01.774280391+00:00,,,UNKNOWN,,,buy,0.9399999996239999,53.191483,49.999993999999994
1970-01-01 00:00:01.774280391+00:00,,,UNKNOWN,,,buy,0.9299999994655173,93.548385,86.999998
1970-01-01 00:00:01.774280391+00:00,,,UNKNOWN,,,buy,0.9354761904761905,42.0,39.29
1970-01-01 00:00:01.774280391+00:00,,,UNKNOWN,,,buy,0.9299999888399957,5.376342,4.999998000000001
1970-01-01 00:00:01.774280391+00:00,,,UNKNOWN,,,buy,0.96,84.0,80.64
1970-01-01 00:00:01.774280391+00:00,,,UNKNOWN,,,buy,0.9299999888399957,5.376342,4.999998000000001
1970-01-01 00:00:01.774280391+00:00,,,UNKNOWN,,,buy,0.94,50.0,47.0
1970-01-01 00:00:01.774280391+00:00,,,UNKNOWN,,,buy,0.92,13.11,12.0612
1970-01-01 00:00:01.774280391+00:00,,,UNKNOWN,,,buy,0.8899999978708133,23.483145,20.899999
1970-01-01 00:00:01.774280391+00:00,,,UNKNOWN,,,buy,0.93999996518518,11.48936,10.799998
1970-01-01 00:00:01.774280391+00:00,,,UNKNOWN,,,sell,0.91,8.0,7.28
1970-01-01 00:00:01.774280391+00:00,,,UNKNOWN,,,buy,0.919999996319999,10.869562,9.999997
1970-01-01 00:00:01.774280391+00:00,,,UNKNOWN,,,buy,0.9115727875829265,319.56,291.30219999999997
1970-01-01 00:00:01.774280391+00:00,,,UNKNOWN,,,buy,0.9053027797133814,71.4678,64.699998
1970-01-01 00:00:01.774280391+00:00,,,UNKNOWN,,,buy,0.06999997137777676,32.142856,2.2499990000000003
1970-01-01 00:00:01.774280391+00:00,,,UNKNOWN,,,buy,0.91,1.0989,0.999999
1970-01-01 00:00:01.774280391+00:00,,,UNKNOWN,,,buy,0.97,1.0309,0.9999729999999999
1970-01-01 00:00:01.774280391+00:00,,,UNKNOWN,,,buy,0.89,50.0,44.5
1970-01-01 00:00:01.774280391+00:00,,,UNKNOWN,,,buy,0.93,1.02,0.9486000000000001
1970-01-01 00:00:01.774280391+00:00,,,UNKNOWN,,,sell,0.08,41.32,3.3056
1970-01-01 00:00:01.774280391+00:00,,,UNKNOWN,,,sell,0.91,6.0,5.46
1970-01-01 00:00:01.774280391+00:00,,,UNKNOWN,,,buy,0.08,5.0,0.4
1970-01-01 00:00:01.774280391+00:00,,,UNKNOWN,,,buy,0.12999997094971905,27.53846,3.579999
1970-01-01 00:00:01.774280391+00:00,,,UNKNOWN,,,buy,0.11,50.0,5.5
1970-01-01 00:00:01.774280391+00:00,,,UNKNOWN,,,buy,0.075566,50.0,3.7782999999999998
1970-01-01 00:00:01.774280391+00:00,,,UNKNOWN,,,buy,0.07,18.0,1.2600000000000002
1970-01-01 00:00:01.774280391+00:00,,,UNKNOWN,,,buy,0.08,4.46,0.3568
1970-01-01 00:00:01.774280391+00:00,,,UNKNOWN,,,buy,0.1,50.0,5.0
1970-01-01 00:00:01.774280391+00:00,,,UNKNOWN,,,buy,0.94,14.54255,13.669997
1970-01-01 00:00:01.774280391+00:00,,,UNKNOWN,,,buy,0.09553923514622205,75.57,7.2199
1970-01-01 00:00:01.774280391+00:00,,,UNKNOWN,,,buy,0.08,50.0,4.0
1970-01-01 00:00:01.774280391+00:00,,,UNKNOWN,,,buy,0.06999999321585894,129.714284,9.079998999999999
1970-01-01 00:00:01.774280391+00:00,,,UNKNOWN,,,buy,0.94,5.0,4.699999999999999
1970-01-01 00:00:01.774280391+00:00,,,UNKNOWN,,,buy,0.07,50.0,3.5000000000000004
1970-01-01 00:00:01.774280391+00:00,,,UNKNOWN,,,buy,0.9399999623995127,1.063816,0.9999870000000001
1970-01-01 00:00:01.774280391+00:00,,,UNKNOWN,,,buy,0.088084,50.0,4.4041999999999994
1970-01-01 00:00:01.774280391+00:00,,,UNKNOWN,,,buy,0.12182382986906463,12.230768,1.4899989999999999
1970-01-01 00:00:01.774280391+00:00,,,UNKNOWN,,,buy,0.08,34.8,2.784
1970-01-01 00:00:01.774280391+00:00,,,UNKNOWN,,,buy,0.07,7.5,0.525
1970-01-01 00:00:01.774280391+00:00,,,UNKNOWN,,,buy,0.08,15.2,1.216
1970-01-01 00:00:01.774280391+00:00,,,UNKNOWN,,,buy,0.96,70.0,67.2
1970-01-01 00:00:01.774280391+00:00,,,UNKNOWN,,,sell,0.08,5.09,0.4072
1970-01-01 00:00:01.774280391+00:00,,,UNKNOWN,,,sell,0.96,5.0,4.8
1970-01-01 00:00:01.774280391+00:00,,,UNKNOWN,,,buy,0.97,50.0,48.5
1970-01-01 00:00:01.774280391+00:00,,,UNKNOWN,,,buy,0.9690309687405502,103.195866,99.99999
1970-01-01 00:00:01.774280391+00:00,,,UNKNOWN,,,buy,0.9699999992239992,25.773166,24.999971000000002
1970-01-01 00:00:01.774280391+00:00,,,UNKNOWN,,,buy,0.9494553472265574,105.323525,99.99998400000001
1970-01-01 00:00:01.774280391+00:00,,,UNKNOWN,,,buy,0.95,43.0,40.85
1970-01-01 00:00:01.774280391+00:00,,,UNKNOWN,,,buy,0.9602451265529435,65.608233,62.999986
1970-01-01 00:00:01.774280391+00:00,,,UNKNOWN,,,sell,0.03,29.0,0.87
1970-01-01 00:00:01.774280391+00:00,,,UNKNOWN,,,buy,0.06627615062761506,119.5,7.92
1970-01-01 00:00:01.774280391+00:00,,,UNKNOWN,,,buy,0.962,50.0,48.1
1970-01-01 00:00:01.774280391+00:00,,,UNKNOWN,,,buy,0.97,50.0,48.5
1970-01-01 00:00:01.774280391+00:00,,,UNKNOWN,,,buy,0.9699999967339825,3.061833,2.969978
1970-01-01 00:00:01.774280391+00:00,,,UNKNOWN,,,buy,0.97,50.0,48.5
1970-01-01 00:00:01.774280391+00:00,,,UNKNOWN,,,buy,0.95,50.0,47.5
1970-01-01 00:00:01.774280391+00:00,,,UNKNOWN,,,buy,0.96,70.0,67.2
1970-01-01 00:00:01.774280391+00:00,,,UNKNOWN,,,buy,0.97,1.0309,0.9999729999999999
1970-01-01 00:00:01.774280391+00:00,,,UNKNOWN,,,sell,0.94,5.0,4.699999999999999
1970-01-01 00:00:01.774280391+00:00,,,UNKNOWN,,,buy,0.97,1.0309,0.9999729999999999
1970-01-01 00:00:01.774280391+00:00,,,UNKNOWN,,,buy,0.96,50.0,48.0
1970-01-01 00:00:01.774280391+00:00,,,UNKNOWN,,,buy,0.97,1.0309,0.9999729999999999
1970-01-01 00:00:01.774280393+00:00,,,UNKNOWN,,,buy,0.97,82.0,79.53999999999999
1970-01-01 00:00:01.774280393+00:00,,,UNKNOWN,,,buy,0.04,25.0,1.0
1970-01-01 00:00:01.774280393+00:00,,,UNKNOWN,,,buy,0.9699999330699912,10.309277,9.999998
1970-01-01 00:00:01.774280393+00:00,,,UNKNOWN,,,buy,0.9699999873406777,60.824741,58.999998000000005
1970-01-01 00:00:01.774280393+00:00,,,UNKNOWN,,,buy,0.97,50.0,48.5
1970-01-01 00:00:01.774280393+00:00,,,UNKNOWN,,,sell,0.96,5.0,4.8
1970-01-01 00:00:01.774280393+00:00,,,UNKNOWN,,,buy,0.04,125.0,5.0
1970-01-01 00:00:01.774280393+00:00,,,UNKNOWN,,,sell,0.96,5.0,4.8
1970-01-01 00:00:01.774280393+00:00,,,UNKNOWN,,,buy,0.9699999967339825,3.061833,2.969978
1970-01-01 00:00:01.774280393+00:00,,,UNKNOWN,,,buy,0.97,20.88,20.2536
1970-01-01 00:00:01.774280393+00:00,,,UNKNOWN,,,buy,0.98,15.15305,14.849989
1970-01-01 00:00:01.774280393+00:00,,,UNKNOWN,,,buy,0.98,6.0,5.88
1970-01-01 00:00:01.774280393+00:00,,,UNKNOWN,,,buy,0.98,11.22445,10.999960999999999
1970-01-01 00:00:01.774280393+00:00,,,UNKNOWN,,,buy,0.029999990655737552,101.666665,3.0499989999999997
1970-01-01 00:00:01.774280393+00:00,,,UNKNOWN,,,buy,0.98,2.46,2.4108
1970-01-01 00:00:01.774280393+00:00,,,UNKNOWN,,,buy,0.98,10.0,9.8
1970-01-01 00:00:01.774280393+00:00,,,UNKNOWN,,,buy,0.029999973364484737,35.666665,1.0699990000000001
1970-01-01 00:00:01.774280393+00:00,,,UNKNOWN,,,buy,0.98,100.0,98.0
1970-01-01 00:00:01.774280393+00:00,,,UNKNOWN,,,buy,0.98,5.0,4.9
1970-01-01 00:00:01.774280393+00:00,,,UNKNOWN,,,buy,0.98,50.0,49.0
1970-01-01 00:00:01.774280393+00:00,,,UNKNOWN,,,buy,0.98,20.41835,20.009983
1970-01-01 00:00:01.774280393+00:00,,,UNKNOWN,,,buy,0.029999995603053407,218.333332,6.549999000000001
1970-01-01 00:00:01.774280393+00:00,,,UNKNOWN,,,sell,0.96,84.57,81.18719999999999
1970-01-01 00:00:01.774280393+00:00,,,UNKNOWN,,,buy,0.9699999980599977,5.154633,4.999994
1970-01-01 00:00:01.774280393+00:00,,,UNKNOWN,,,sell,0.03,1.76,0.0528
1970-01-01 00:00:01.774280393+00:00,,,UNKNOWN,,,buy,0.9699999996119998,51.546366,49.999975
1970-01-01 00:00:01.774280393+00:00,,,UNKNOWN,,,buy,0.92,1.08695,0.9999940000000002
1970-01-01 00:00:01.774280393+00:00,,,UNKNOWN,,,buy,0.97,50.0,48.5
1970-01-01 00:00:01.774280393+00:00,,,UNKNOWN,,,buy,0.98,5.102,4.999960000000001
1970-01-01 00:00:01.774280393+00:00,,,UNKNOWN,,,buy,0.97,70.0,67.89999999999999
1970-01-01 00:00:01.774280393+00:00,,,UNKNOWN,,,buy,0.98,5.0,4.9
1970-01-01 00:00:01.774280393+00:00,,,UNKNOWN,,,buy,0.98,20.40815,19.999986999999997
1970-01-01 00:00:01.774280393+00:00,,,UNKNOWN,,,buy,0.97,100.0,97.0
1970-01-01 00:00:01.774280393+00:00,,,UNKNOWN,,,buy,0.98,10.20405,9.999969
1970-01-01 00:00:01.774280393+00:00,,,UNKNOWN,,,buy,0.97,10.0,9.7
1970-01-01 00:00:01.774280393+00:00,,,UNKNOWN,,,buy,0.969999974903728,17.134019,16.619998
1970-01-01 00:00:01.774280393+00:00,,,UNKNOWN,,,buy,0.9699999885690229,30.618555,29.699998
1970-01-01 00:00:01.774280393+00:00,,,UNKNOWN,,,buy,0.97,30.0,29.099999999999998
1970-01-01 00:00:01.774280393+00:00,,,UNKNOWN,,,buy,0.9699999998059999,103.092766,99.999983
1970-01-01 00:00:01.774280393+00:00,,,UNKNOWN,,,buy,0.97,5.0,4.85
1970-01-01 00:00:01.774280393+00:00,,,UNKNOWN,,,buy,0.97,13.567,13.15999
1970-01-01 00:00:01.774280393+00:00,,,UNKNOWN,,,buy,0.04,25.0,1.0
1970-01-01 00:00:01.774280393+00:00,,,UNKNOWN,,,buy,0.9699999330699912,10.309277,9.999998
1970-01-01 00:00:01.774280393+00:00,,,UNKNOWN,,,buy,0.9699999330699912,10.309277,9.999998
1970-01-01 00:00:01.774280393+00:00,,,UNKNOWN,,,buy,0.97,5.32,5.1604
1970-01-01 00:00:01.774280393+00:00,,,UNKNOWN,,,buy,0.97,10.0,9.7
1970-01-01 00:00:01.774280393+00:00,,,UNKNOWN,,,sell,0.03,15.0,0.44999999999999996
1970-01-01 00:00:01.774280393+00:00,,,UNKNOWN,,,buy,0.97,3.0309,2.9399729999999997
1970-01-01 00:00:01.774280393+00:00,,,UNKNOWN,,,sell,0.97,5.0,4.85
1970-01-01 00:00:01.774280393+00:00,,,UNKNOWN,,,buy,0.029999971199998848,33.333332,0.999999
1970-01-01 00:00:01.774280393+00:00,,,UNKNOWN,,,buy,0.04,25.0,1.0
1970-01-01 00:00:01.774280393+00:00,,,UNKNOWN,,,sell,0.96,5.0,4.8
1970-01-01 00:00:01.774280395+00:00,,,UNKNOWN,,,buy,0.99,70.0,69.3
1970-01-01 00:00:01.774280395+00:00,,,UNKNOWN,,,sell,0.98,9.02,8.839599999999999
1970-01-01 00:00:01.774280395+00:00,,,UNKNOWN,,,buy,0.99,1.0101,0.999999
1970-01-01 00:00:01.774280395+00:00,,,UNKNOWN,,,buy,0.99,2.0,1.98
1970-01-01 00:00:01.774280395+00:00,,,UNKNOWN,,,buy,0.99,50.0,49.5
1970-01-01 00:00:01.774280395+00:00,,,UNKNOWN,,,sell,0.98,52.19,51.1462
1970-01-01 00:00:01.774280395+00:00,,,UNKNOWN,,,buy,0.99,7.88,7.8012
1970-01-01 00:00:01.774280395+00:00,,,UNKNOWN,,,buy,0.99,50.0,49.5
1970-01-01 00:00:01.774280395+00:00,,,UNKNOWN,,,buy,0.02,283.45,5.669
1970-01-01 00:00:01.774280395+00:00,,,UNKNOWN,,,buy,0.99,70.0,69.3
1970-01-01 00:00:01.774280395+00:00,,,UNKNOWN,,,buy,0.99,91.6464,90.729936
1970-01-01 00:00:01.774280395+00:00,,,UNKNOWN,,,buy,0.99,1.0101,0.999999
1970-01-01 00:00:01.774280395+00:00,,,UNKNOWN,,,buy,0.99,5.0,4.95
1970-01-01 00:00:01.774280395+00:00,,,UNKNOWN,,,buy,0.99,8.0,7.92
1970-01-01 00:00:01.774280395+00:00,,,UNKNOWN,,,buy,0.99,100.0,99.0
1970-01-01 00:00:01.774280395+00:00,,,UNKNOWN,,,buy,0.99,69.99,69.2901
1970-01-01 00:00:01.774280395+00:00,,,UNKNOWN,,,buy,0.99,10.101,9.99999
1970-01-01 00:00:01.774280395+00:00,,,UNKNOWN,,,buy,0.99,5.0505,4.999995
1970-01-01 00:00:01.774280395+00:00,,,UNKNOWN,,,buy,0.99,100.0,99.0
1970-01-01 00:00:01.774280395+00:00,,,UNKNOWN,,,sell,0.97,1.24,1.2027999999999999
1970-01-01 00:00:01.774280395+00:00,,,UNKNOWN,,,sell,0.98,5.98,5.8604
1970-01-01 00:00:01.774280395+00:00,,,UNKNOWN,,,buy,0.99,5.1,5.0489999999999995
1970-01-01 00:00:01.774280395+00:00,,,UNKNOWN,,,buy,0.02999999711999999,333.333332,9.999999
1970-01-01 00:00:01.774280395+00:00,,,UNKNOWN,,,buy,0.99,25.2525,24.999975000000003
1970-01-01 00:00:01.774280395+00:00,,,UNKNOWN,,,buy,0.9799999621066631,15.306121,14.999998
1970-01-01 00:00:01.774280395+00:00,,,UNKNOWN,,,buy,0.99,5.1,5.0489999999999995
1970-01-01 00:00:01.774280395+00:00,,,UNKNOWN,,,buy,0.98,10.20405,9.999969
1970-01-01 00:00:01.774280395+00:00,,,UNKNOWN,,,buy,0.9799991571990392,1.020407,0.999998
1970-01-01 00:00:01.774280395+00:00,,,UNKNOWN,,,buy,0.9799999860293491,24.336733,23.849998
1970-01-01 00:00:01.774280395+00:00,,,UNKNOWN,,,buy,0.98,100.0,98.0
1970-01-01 00:00:01.774280395+00:00,,,UNKNOWN,,,buy,0.029999971199998848,33.333332,0.999999
1970-01-01 00:00:01.774280395+00:00,,,UNKNOWN,,,buy,0.98,35.71425,34.999964999999996
1970-01-01 00:00:01.774280395+00:00,,,UNKNOWN,,,buy,0.98,10.1,9.898
1970-01-01 00:00:01.774280395+00:00,,,UNKNOWN,,,buy,0.99,59.3838,58.789962
1970-01-01 00:00:01.774280395+00:00,,,UNKNOWN,,,buy,0.98,1.46935,1.4399629999999999
1970-01-01 00:00:01.774280395+00:00,,,UNKNOWN,,,buy,0.99,69.99,69.2901
1970-01-01 00:00:01.774280395+00:00,,,UNKNOWN,,,buy,0.02,50.0,1.0
1970-01-01 00:00:01.774280395+00:00,,,UNKNOWN,,,sell,0.98,5.0,4.9
1970-01-01 00:00:01.774280395+00:00,,,UNKNOWN,,,buy,0.99,12.0,11.879999999999999
1970-01-01 00:00:01.774280395+00:00,,,UNKNOWN,,,buy,0.99,50.505,49.999950000000005
1970-01-01 00:00:01.774280395+00:00,,,UNKNOWN,,,sell,0.98,8.24,8.0752
1970-01-01 00:00:01.774280395+00:00,,,UNKNOWN,,,buy,0.99,27.51,27.2349
1970-01-01 00:00:01.774280395+00:00,,,UNKNOWN,,,buy,0.99,5.1,5.0489999999999995
1970-01-01 00:00:01.774280395+00:00,,,UNKNOWN,,,buy,0.99,5.09,5.0390999999999995
1970-01-01 00:00:01.774280395+00:00,,,UNKNOWN,,,buy,0.99,1.0101,0.999999
1970-01-01 00:00:01.774280395+00:00,,,UNKNOWN,,,sell,0.01,7.0,0.07
1970-01-01 00:00:01.774280395+00:00,,,UNKNOWN,,,buy,0.99,20.0,19.8
1970-01-01 00:00:01.774280395+00:00,,,UNKNOWN,,,buy,0.98,50.0,49.0
1970-01-01 00:00:01.774280395+00:00,,,UNKNOWN,,,buy,0.98,10.0,9.8
1970-01-01 00:00:01.774280395+00:00,,,UNKNOWN,,,buy,0.99,31.4444,31.129956
1970-01-01 00:00:01.774280395+00:00,,,UNKNOWN,,,sell,0.98,54.02,52.9396
1970-01-01 00:00:01.774280395+00:00,,,UNKNOWN,,,buy,0.98,70.0,68.6
1970-01-01 00:00:01.774280395+00:00,,,UNKNOWN,,,buy,0.98,9.0,8.82
1970-01-01 00:00:01.774280395+00:00,,,UNKNOWN,,,buy,0.98,70.0,68.6
1970-01-01 00:00:01.774280395+00:00,,,UNKNOWN,,,buy,0.98,50.0,49.0
1970-01-01 00:00:01.774280395+00:00,,,UNKNOWN,,,buy,0.98,70.0,68.6
1970-01-01 00:00:01.774280395+00:00,,,UNKNOWN,,,buy,0.04,25.0,1.0
1970-01-01 00:00:01.774280395+00:00,,,UNKNOWN,,,sell,0.94,14.64,13.7616
1970-01-01 00:00:01.774280395+00:00,,,UNKNOWN,,,buy,0.98,5.102,4.999960000000001
1970-01-01 00:00:01.774280395+00:00,,,UNKNOWN,,,buy,0.98,10.0,9.8
1970-01-01 00:00:01.774280395+00:00,,,UNKNOWN,,,buy,0.98,25.5102,24.999996
1970-01-01 00:00:01.774280395+00:00,,,UNKNOWN,,,buy,0.98,5.1,4.997999999999999
1970-01-01 00:00:01.774280395+00:00,,,UNKNOWN,,,buy,0.98,5.0,4.9
1970-01-01 00:00:01.774280395+00:00,,,UNKNOWN,,,buy,0.98,70.0,68.6
1970-01-01 00:00:01.774280395+00:00,,,UNKNOWN,,,buy,0.98,5.0,4.9
1970-01-01 00:00:01.774280395+00:00,,,UNKNOWN,,,buy,0.98,70.0,68.6
1970-01-01 00:00:01.774280395+00:00,,,UNKNOWN,,,buy,0.98,10.0,9.8
1970-01-01 00:00:01.774280395+00:00,,,UNKNOWN,,,buy,0.9799999607999937,10.20408,9.999998
1970-01-01 00:00:01.774280395+00:00,,,UNKNOWN,,,buy,0.98,50.0,49.0
1970-01-01 00:00:01.774280395+00:00,,,UNKNOWN,,,buy,0.98,5.0,4.9
1970-01-01 00:00:01.774280395+00:00,,,UNKNOWN,,,buy,0.98,5.95915,5.839967
1970-01-01 00:00:01.774280395+00:00,,,UNKNOWN,,,buy,0.029999994299999944,166.666665,4.999999
1970-01-01 00:00:01.774280395+00:00,,,UNKNOWN,,,buy,0.9799999607999937,10.20408,9.999998
1970-01-01 00:00:01.774280395+00:00,,,UNKNOWN,,,buy,0.9728571428571429,70.0,68.1
1970-01-01 00:00:01.774280395+00:00,,,UNKNOWN,,,buy,0.98,1.0204,0.999992
1970-01-01 00:00:01.774280395+00:00,,,UNKNOWN,,,buy,0.99,5.0,4.95
1970-01-01 00:00:01.774280395+00:00,,,UNKNOWN,,,buy,0.99,111.1111,109.999989
1970-01-01 00:00:01.774280395+00:00,,,UNKNOWN,,,buy,0.98,10.0,9.8
1970-01-01 00:00:01.774280395+00:00,,,UNKNOWN,,,buy,0.98,100.0,98.0
1970-01-01 00:00:01.774280395+00:00,,,UNKNOWN,,,buy,0.02,50.0,1.0
1970-01-01 00:00:01.774280395+00:00,,,UNKNOWN,,,buy,0.02,50.0,1.0
1970-01-01 00:00:01.774280395+00:00,,,UNKNOWN,,,buy,0.99,10.101,9.99999
1970-01-01 00:00:01.774280395+00:00,,,UNKNOWN,,,buy,0.99,5.0505,4.999995
1970-01-01 00:00:01.774280395+00:00,,,UNKNOWN,,,sell,0.98,5.98,5.8604
1970-01-01 00:00:01.774280395+00:00,,,UNKNOWN,,,buy,0.99,5.0,4.95
1970-01-01 00:00:01.774280395+00:00,,,UNKNOWN,,,buy,0.99,1.0101,0.999999
1970-01-01 00:00:01.774280395+00:00,,,UNKNOWN,,,buy,0.98,3.06,2.9988
1970-01-01 00:00:01.774280395+00:00,,,UNKNOWN,,,buy,0.99,50.0,49.5
1970-01-01 00:00:01.774280395+00:00,,,UNKNOWN,,,buy,0.98,21.42855,20.999979
1970-01-01 00:00:01.774280395+00:00,,,UNKNOWN,,,buy,0.99,70.0,69.3
1970-01-01 00:00:01.774280395+00:00,,,UNKNOWN,,,sell,0.98,5.97,5.8506
1970-01-01 00:00:01.774280395+00:00,,,UNKNOWN,,,buy,0.98,51.02,49.9996
1970-01-01 00:00:01.774280395+00:00,,,UNKNOWN,,,buy,0.98,13.42855,13.159979
1970-01-01 00:00:01.774280395+00:00,,,UNKNOWN,,,buy,0.039866344856331934,2508.381427,99.999999
1970-01-01 00:00:01.774280395+00:00,,,UNKNOWN,,,sell,0.93,13.3,12.369000000000002
1970-01-01 00:00:01.774280397+00:00,,,UNKNOWN,,,buy,0.99,2.0,1.98
1970-01-01 00:00:01.774280397+00:00,,,UNKNOWN,,,buy,0.99,25.2525,24.999975000000003
1970-01-01 00:00:01.774280397+00:00,,,UNKNOWN,,,buy,0.99,3.7878,3.7499219999999998
1970-01-01 00:00:01.774280397+00:00,,,UNKNOWN,,,buy,0.99,316.4444,313.27995599999997
1970-01-01 00:00:01.774280397+00:00,,,UNKNOWN,,,buy,0.99,72.7676,72.039924
1970-01-01 00:00:01.774280397+00:00,,,UNKNOWN,,,buy,0.99,12.0,11.879999999999999
1970-01-01 00:00:01.774280397+00:00,,,UNKNOWN,,,buy,0.99,5.0,4.95
1970-01-01 00:00:01.774280397+00:00,,,UNKNOWN,,,buy,0.99,5.0505,4.999995
1970-01-01 00:00:01.774280397+00:00,,,UNKNOWN,,,buy,0.99,2.7777,2.749923
1970-01-01 00:00:01.774280397+00:00,,,UNKNOWN,,,sell,0.98,18.94,18.5612
1970-01-01 00:00:01.774280397+00:00,,,UNKNOWN,,,buy,0.99,2.0,1.98
1970-01-01 00:00:01.774280397+00:00,,,UNKNOWN,,,buy,0.99,2.0606,2.039994
1970-01-01 00:00:01.774280397+00:00,,,UNKNOWN,,,buy,0.99,5.0,4.95
1970-01-01 00:00:01.774280397+00:00,,,UNKNOWN,,,buy,0.99,67.77,67.0923
1970-01-01 00:00:01.774280397+00:00,,,UNKNOWN,,,buy,0.99,100.0,99.0
1970-01-01 00:00:01.774280397+00:00,,,UNKNOWN,,,buy,0.99,25.25,24.9975
1970-01-01 00:00:01.774280397+00:00,,,UNKNOWN,,,buy,0.99,10.101,9.99999
1970-01-01 00:00:01.774280397+00:00,,,UNKNOWN,,,buy,0.99,50.0,49.5
1970-01-01 00:00:01.774280397+00:00,,,UNKNOWN,,,buy,0.99,30.303,29.99997
1970-01-01 00:00:01.774280397+00:00,,,UNKNOWN,,,buy,0.99,5.09,5.0390999999999995
1970-01-01 00:00:01.774280397+00:00,,,UNKNOWN,,,buy,0.02,150.0,3.0
1970-01-01 00:00:01.774280397+00:00,,,UNKNOWN,,,buy,0.99,5.0505,4.999995
1970-01-01 00:00:01.774280397+00:00,,,UNKNOWN,,,buy,0.99,7.2727,7.199973
1970-01-01 00:00:01.774280397+00:00,,,UNKNOWN,,,buy,0.99,5.09,5.0390999999999995
1970-01-01 00:00:01.774280397+00:00,,,UNKNOWN,,,buy,0.99,5.0505,4.999995
1970-01-01 00:00:01.774280397+00:00,,,UNKNOWN,,,buy,0.99,5.1,5.0489999999999995
1970-01-01 00:00:01.774280397+00:00,,,UNKNOWN,,,buy,0.99,49.99,49.4901
1970-01-01 00:00:01.774280397+00:00,,,UNKNOWN,,,buy,0.99,5.0,4.95
1970-01-01 00:00:01.774280397+00:00,,,UNKNOWN,,,buy,0.99,50.0,49.5
1970-01-01 00:00:01.774280397+00:00,,,UNKNOWN,,,buy,0.99,10.101,9.99999
1970-01-01 00:00:01.774280397+00:00,,,UNKNOWN,,,buy,0.02,50.0,1.0
1970-01-01 00:00:01.774280397+00:00,,,UNKNOWN,,,buy,0.99,2646.8282,2620.359918
1970-01-01 00:00:01.774280397+00:00,,,UNKNOWN,,,buy,0.02,80.5,1.61
1970-01-01 00:00:01.774280397+00:00,,,UNKNOWN,,,buy,0.97,5.1,4.946999999999999
1970-01-01 00:00:01.774280397+00:00,,,UNKNOWN,,,sell,0.98,9.59,9.3982
1970-01-01 00:00:01.774280397+00:00,,,UNKNOWN,,,buy,0.99,5.09,5.0390999999999995
1970-01-01 00:00:01.774280397+00:00,,,UNKNOWN,,,buy,0.99,3.7676,3.729924
1970-01-01 00:00:01.774280397+00:00,,,UNKNOWN,,,buy,0.030204250621032293,253.61,7.660100000000001
1970-01-01 00:00:01.774280397+00:00,,,UNKNOWN,,,buy,0.02,30.0,0.6
1970-01-01 00:00:01.774280397+00:00,,,UNKNOWN,,,buy,0.02,50.0,1.0
1970-01-01 00:00:01.774280397+00:00,,,UNKNOWN,,,buy,0.99,5.1,5.0489999999999995
1970-01-01 00:00:01.774280397+00:00,,,UNKNOWN,,,buy,0.02,50.0,1.0
1970-01-01 00:00:01.774280397+00:00,,,UNKNOWN,,,buy,0.99,44.0,43.56
1970-01-01 00:00:01.774280397+00:00,,,UNKNOWN,,,buy,0.02,143.5,2.87
1970-01-01 00:00:01.774280397+00:00,,,UNKNOWN,,,buy,0.99,5.0505,4.999995
1970-01-01 00:00:01.774280397+00:00,,,UNKNOWN,,,buy,0.02,54.0,1.08
1970-01-01 00:00:01.774280397+00:00,,,UNKNOWN,,,buy,0.99,50.0,49.5
1970-01-01 00:00:01.774280397+00:00,,,UNKNOWN,,,sell,0.98,39.75,38.955
1970-01-01 00:00:01.774280397+00:00,,,UNKNOWN,,,buy,0.99,5.05,4.999499999999999
1970-01-01 00:00:01.774280397+00:00,,,UNKNOWN,,,buy,0.99,5.05,4.999499999999999
1970-01-01 00:00:01.774280397+00:00,,,UNKNOWN,,,buy,0.99,10.101,9.99999
1970-01-01 00:00:01.774280397+00:00,,,UNKNOWN,,,buy,0.02,50.0,1.0
1970-01-01 00:00:01.774280397+00:00,,,UNKNOWN,,,buy,0.99,20.202,19.99998
1970-01-01 00:00:01.774280397+00:00,,,UNKNOWN,,,buy,0.99,10.101,9.99999
1970-01-01 00:00:01.774280397+00:00,,,UNKNOWN,,,buy,0.99,5.0505,4.999995
1970-01-01 00:00:01.774280397+00:00,,,UNKNOWN,,,buy,0.99,5.1,5.0489999999999995
1970-01-01 00:00:01.774280397+00:00,,,UNKNOWN,,,buy,0.99,279.606,276.80994
1970-01-01 00:00:01.774280397+00:00,,,UNKNOWN,,,sell,0.98,14.53,14.2394
1970-01-01 00:00:01.774280397+00:00,,,UNKNOWN,,,buy,0.99,6.0606,5.999994
1970-01-01 00:00:01.774280397+00:00,,,UNKNOWN,,,buy,0.99,147.0,145.53
1970-01-01 00:00:01.774280397+00:00,,,UNKNOWN,,,buy,0.99,5.0,4.95
1970-01-01 00:00:01.774280397+00:00,,,UNKNOWN,,,buy,0.99,50.0,49.5
1970-01-01 00:00:01.774280397+00:00,,,UNKNOWN,,,buy,0.99,500.0,495.0
1970-01-01 00:00:01.774280397+00:00,,,UNKNOWN,,,buy,0.99,20.0,19.8
1970-01-01 00:00:01.774280397+00:00,,,UNKNOWN,,,buy,0.99,10.1,9.998999999999999
1970-01-01 00:00:01.774280397+00:00,,,UNKNOWN,,,sell,0.98,26.14,25.6172
1970-01-01 00:00:01.774280397+00:00,,,UNKNOWN,,,buy,0.99,5.09,5.0390999999999995
1970-01-01 00:00:01.774280397+00:00,,,UNKNOWN,,,buy,0.99,50.0,49.5
1970-01-01 00:00:01.774280397+00:00,,,UNKNOWN,,,buy,0.99,60.7676,60.159924000000004
1970-01-01 00:00:01.774280397+00:00,,,UNKNOWN,,,buy,0.99,5.1,5.0489999999999995
1970-01-01 00:00:01.774280397+00:00,,,UNKNOWN,,,buy,0.99,6.0,5.9399999999999995
1970-01-01 00:00:01.774280397+00:00,,,UNKNOWN,,,buy,0.99,10.0,9.9
1970-01-01 00:00:01.774280397+00:00,,,UNKNOWN,,,buy,0.99,271.3737,268.659963
1970-01-01 00:00:01.774280397+00:00,,,UNKNOWN,,,buy,0.99,20.13,19.9287
1970-01-01 00:00:01.774280397+00:00,,,UNKNOWN,,,buy,0.99,10.101,9.99999
1970-01-01 00:00:01.774280397+00:00,,,UNKNOWN,,,buy,0.99,5.09,5.0390999999999995
1970-01-01 00:00:01.774280397+00:00,,,UNKNOWN,,,buy,0.99,12.81,12.6819
1970-01-01 00:00:01.774280397+00:00,,,UNKNOWN,,,buy,0.99,5.0505,4.999995
1970-01-01 00:00:01.774280397+00:00,,,UNKNOWN,,,sell,0.98,52.27,51.2246
1970-01-01 00:00:01.774280397+00:00,,,UNKNOWN,,,buy,0.99,5.0,4.95
1970-01-01 00:00:01.774280397+00:00,,,UNKNOWN,,,buy,0.99,150.0,148.5
1970-01-01 00:00:01.774280397+00:00,,,UNKNOWN,,,buy,0.99,20.202,19.99998
1970-01-01 00:00:01.774280397+00:00,,,UNKNOWN,,,buy,0.99,14.85,14.7015
1970-01-01 00:00:01.774280397+00:00,,,UNKNOWN,,,buy,0.99,400.0,396.0
1970-01-01 00:00:01.774280397+00:00,,,UNKNOWN,,,buy,0.02,500.0,10.0
1970-01-01 00:00:01.774280397+00:00,,,UNKNOWN,,,buy,0.99,50.0,49.5
1970-01-01 00:00:01.774280397+00:00,,,UNKNOWN,,,buy,0.99,5.09,5.0390999999999995
1970-01-01 00:00:01.774280397+00:00,,,UNKNOWN,,,buy,0.99,404.0,399.96
1970-01-01 00:00:01.774280397+00:00,,,UNKNOWN,,,buy,0.99,25.0,24.75
1970-01-01 00:00:01.774280397+00:00,,,UNKNOWN,,,buy,0.99,10.0,9.9
1970-01-01 00:00:01.774280397+00:00,,,UNKNOWN,,,buy,0.99,10.101,9.99999
1970-01-01 00:00:01.774280397+00:00,,,UNKNOWN,,,buy,0.99,10.0,9.9
1970-01-01 00:00:01.774280397+00:00,,,UNKNOWN,,,sell,0.98,5.48,5.3704
1970-01-01 00:00:01.774280397+00:00,,,UNKNOWN,,,buy,0.99,300.0,297.0
1970-01-01 00:00:01.774280397+00:00,,,UNKNOWN,,,buy,0.99,70.0,69.3
1970-01-01 00:00:01.774280397+00:00,,,UNKNOWN,,,buy,0.99,199.3232,197.329968
1970-01-01 00:00:01.774280397+00:00,,,UNKNOWN,,,buy,0.99,5.0,4.95
1970-01-01 00:00:01.774280397+00:00,,,UNKNOWN,,,buy,0.99,5.0,4.95
1970-01-01 00:00:01.774280397+00:00,,,UNKNOWN,,,buy,0.02,56.0,1.12
1970-01-01 00:00:01.774280397+00:00,,,UNKNOWN,,,buy,0.99,60.606,59.99994
1970-01-01 00:00:01.774280397+00:00,,,UNKNOWN,,,buy,0.99,60.0,59.4
1970-01-01 00:00:01.774280397+00:00,,,UNKNOWN,,,buy,0.02,500.0,10.0
1970-01-01 00:00:01.774280397+00:00,,,UNKNOWN,,,buy,0.99,604.07,598.0293
1970-01-01 00:00:01.774280397+00:00,,,UNKNOWN,,,buy,0.99,20.0,19.8
1970-01-01 00:00:01.774280397+00:00,,,UNKNOWN,,,buy,0.99,25.2525,24.999975000000003
1970-01-01 00:00:01.774280397+00:00,,,UNKNOWN,,,sell,0.98,2.95,2.891
1970-01-01 00:00:01.774280397+00:00,,,UNKNOWN,,,buy,0.99,200.0,198.0
1970-01-01 00:00:01.774280397+00:00,,,UNKNOWN,,,buy,0.99,1200.0,1188.0
1970-01-01 00:00:01.774280397+00:00,,,UNKNOWN,,,buy,0.99,101.0101,99.99999899999999
1970-01-01 00:00:01.774280397+00:00,,,UNKNOWN,,,buy,0.99,3.0,2.9699999999999998
